# ************************************************************
# Sequel Pro SQL dump
# Version 4541
#
# http://www.sequelpro.com/
# https://github.com/sequelpro/sequelpro
#
# Host: ec2-13-209-69-79.ap-northeast-2.compute.amazonaws.com (MySQL 5.7.22-0ubuntu0.16.04.1)
# Database: BucketList
# Generation Time: 2018-05-29 01:48:50 +0000
# ************************************************************


/*!40101 SET @OLD_CHARACTER_SET_CLIENT=@@CHARACTER_SET_CLIENT */;
/*!40101 SET @OLD_CHARACTER_SET_RESULTS=@@CHARACTER_SET_RESULTS */;
/*!40101 SET @OLD_COLLATION_CONNECTION=@@COLLATION_CONNECTION */;
/*!40101 SET NAMES utf8 */;
/*!40014 SET @OLD_FOREIGN_KEY_CHECKS=@@FOREIGN_KEY_CHECKS, FOREIGN_KEY_CHECKS=0 */;
/*!40101 SET @OLD_SQL_MODE=@@SQL_MODE, SQL_MODE='NO_AUTO_VALUE_ON_ZERO' */;
/*!40111 SET @OLD_SQL_NOTES=@@SQL_NOTES, SQL_NOTES=0 */;


# Dump of table ballpark
# ------------------------------------------------------------

DROP TABLE IF EXISTS `ballpark`;

CREATE TABLE `ballpark` (
  `ballpark_id` int(11) unsigned NOT NULL AUTO_INCREMENT,
  `name` varchar(30) NOT NULL DEFAULT '',
  `location` varchar(100) DEFAULT NULL,
  `left` int(11) DEFAULT NULL,
  `middle` int(11) DEFAULT NULL,
  `right` int(11) DEFAULT NULL,
  `fence` int(11) DEFAULT NULL,
  `affordance` int(11) DEFAULT NULL,
  `img` varchar(50) DEFAULT NULL,
  PRIMARY KEY (`ballpark_id`)
) ENGINE=InnoDB DEFAULT CHARSET=utf8;

LOCK TABLES `ballpark` WRITE;
/*!40000 ALTER TABLE `ballpark` DISABLE KEYS */;

INSERT INTO `ballpark` (`ballpark_id`, `name`, `location`, `left`, `middle`, `right`, `fence`, `affordance`, `img`)
VALUES
	(1,'Jamsil Stadium','Songpa-gu, Seoul',100,125,100,3,27000,'1.jpg'),
	(2,'Daegu Samsung Lions Park','Suseong-gu, Daegu',99,122,99,3,24000,'2.jpg'),
	(3,'Incheon Munhak Stadium','Nam-gu, Incheon',95,120,95,3,27600,'3.jpg'),
	(4,'Busan Sajik Stadium','Dongnae-gu, Busan',95,118,95,5,28500,'4.jpg'),
	(5,'Daejeon Hanbat Stadium','Jung-gu, Deajeon',100,122,100,4,13000,'5.jpg'),
	(6,'Gocheok Sky Dome','Guro-gu, Seoul',100,125,100,3,18000,'6.jpg'),
	(7,'Masan Baseball Stadium','MasanHoiwon-gu, Changwon-si, Gyeongsangnam-do',97,116,97,4,14164,'7.jpg'),
	(8,'Gwangju Mudeung Stadium','Buk-gu, Gwangju',99,120,99,3,13400,'8.jpeg'),
	(9,'Suwon KT Wiz Park','Jangan-gu, Suwon-si, Gyeonggi-do',98,120,98,2,20122,'9.jpg');

/*!40000 ALTER TABLE `ballpark` ENABLE KEYS */;
UNLOCK TABLES;


# Dump of table batter
# ------------------------------------------------------------

DROP TABLE IF EXISTS `batter`;

CREATE TABLE `batter` (
  `batter_id` int(11) unsigned NOT NULL AUTO_INCREMENT,
  `name` varchar(20) NOT NULL,
  `team_id` int(11) NOT NULL,
  `avg` varchar(20) DEFAULT NULL,
  `g` int(11) DEFAULT NULL,
  `pa` int(11) DEFAULT NULL,
  `ab` int(11) DEFAULT NULL,
  `r` int(11) DEFAULT NULL,
  `h` int(11) DEFAULT NULL,
  `2b` int(11) DEFAULT NULL,
  `3b` int(11) DEFAULT NULL,
  `hr` int(11) DEFAULT NULL,
  `tb` int(11) DEFAULT NULL,
  `rbi` int(11) DEFAULT NULL,
  `sac` int(11) DEFAULT NULL,
  `sf` int(11) DEFAULT NULL,
  PRIMARY KEY (`batter_id`)
) ENGINE=InnoDB DEFAULT CHARSET=utf8;

LOCK TABLES `batter` WRITE;
/*!40000 ALTER TABLE `batter` DISABLE KEYS */;

INSERT INTO `batter` (`batter_id`, `name`, `team_id`, `avg`, `g`, `pa`, `ab`, `r`, `h`, `2b`, `3b`, `hr`, `tb`, `rbi`, `sac`, `sf`)
VALUES
	(1,'김규민',7,'0.417',18,80,72,12,30,1,1,1,36,14,1,0),
	(2,'이정후',7,'0.321',41,196,165,28,53,9,0,2,68,16,3,3),
	(3,'김하성',7,'0.32',42,186,172,25,55,9,3,6,88,28,1,3),
	(4,'임병욱',7,'0.318',47,163,154,27,49,13,2,5,81,17,0,0),
	(5,'이택근',7,'0.311',28,109,90,9,28,8,0,1,39,18,2,1),
	(6,'김민성',7,'0.306',41,141,124,10,38,8,0,5,61,17,1,0),
	(7,'서건창',7,'0.296',7,32,27,5,8,2,0,0,10,1,1,0),
	(8,'박병호',7,'0.29',19,83,62,10,18,1,0,5,34,14,0,0),
	(9,'초이스',7,'0.28',43,179,157,19,44,8,0,9,79,28,0,1),
	(10,'송성문',7,'0.273',13,45,44,5,12,2,0,0,14,8,1,0),
	(11,'박동원',7,'0.248',38,124,113,18,28,3,0,5,46,16,2,0),
	(12,'김혜성',7,'0.239',42,128,113,21,27,6,1,1,38,10,2,1),
	(13,'장영석',7,'0.228',44,132,123,16,28,9,0,6,55,14,0,0),
	(14,'김태완',7,'0.22',25,66,59,5,13,2,0,1,18,5,0,1),
	(15,'고종욱',7,'0.216',32,119,111,16,24,1,0,4,37,19,0,1),
	(16,'김재현',7,'0.188',26,39,32,3,6,3,0,0,9,2,2,0),
	(17,'김지수',7,'0.167',37,35,30,4,5,0,0,0,5,0,0,0),
	(18,'허정협',7,'0.143',14,14,14,1,2,1,0,0,3,1,0,0),
	(19,'주효상',7,'0.091',8,14,11,0,1,0,0,0,1,0,3,0),
	(20,'박정음',7,'0',10,11,10,0,0,0,0,0,0,0,0,0),
	(21,'조상우',7,'0',1,0,0,0,0,0,0,0,0,0,0,0),
	(22,'홍성갑',7,'0',6,8,8,1,0,0,0,0,0,0,0,0),
	(23,'양의지',1,'0.399',44,168,148,29,59,12,0,7,92,28,0,1),
	(24,'장승현',1,'0.375',6,10,8,1,3,0,0,0,3,0,2,0),
	(25,'류지혁',1,'0.326',37,62,46,14,15,1,0,0,16,4,3,1),
	(26,'조수행',1,'0.319',40,50,47,12,15,4,2,0,23,7,0,0),
	(27,'최주환',1,'0.311',44,188,167,26,52,16,5,5,93,40,0,3),
	(28,'오재원',1,'0.308',41,158,143,14,44,5,0,3,58,19,2,1),
	(29,'박건우',1,'0.302',43,187,172,27,52,10,1,2,70,21,0,1),
	(30,'김재환',1,'0.29',44,190,162,29,47,11,1,11,93,34,0,3),
	(31,'허경민',1,'0.285',40,156,137,19,39,7,3,1,55,13,4,2),
	(32,'김재호',1,'0.276',41,150,127,24,35,7,0,4,54,19,3,2),
	(33,'정진호',1,'0.274',39,114,106,22,29,4,1,1,38,10,1,0),
	(34,'김인태',1,'0.257',15,41,35,5,9,3,0,0,12,2,0,0),
	(35,'김민혁',1,'0.256',16,47,43,7,11,2,0,2,19,10,0,0),
	(36,'양종민',1,'0.25',4,4,4,2,1,0,0,0,1,0,0,0),
	(37,'오재일',1,'0.236',43,179,157,19,37,7,2,9,75,33,0,4),
	(38,'국해성',1,'0.235',11,19,17,4,4,2,0,0,6,1,0,0),
	(39,'박세혁',1,'0.2',14,33,30,4,6,2,0,0,8,0,0,0),
	(40,'백민기',1,'0.2',3,5,5,0,1,0,0,0,1,1,0,0),
	(41,'파레디스',1,'0.156',15,48,45,6,7,1,1,1,13,1,0,0),
	(42,'김정후',1,'0',2,1,1,0,0,0,0,0,0,0,0,0),
	(43,'변진수',1,'0',1,0,0,0,0,0,0,0,0,0,0,0),
	(44,'이병휘',1,'0',2,0,0,0,0,0,0,0,0,0,0,0),
	(45,'이우성',1,'0',2,1,1,0,0,0,0,0,0,0,0,0),
	(46,'함덕주',1,'0',1,0,0,0,0,0,0,0,0,0,0,0),
	(47,'황경태',1,'0',3,2,2,0,0,0,0,0,0,0,0,0),
	(48,'이대호',5,'0.361',44,181,158,21,57,11,0,10,98,41,0,3),
	(49,'손아섭',5,'0.333',44,201,177,33,59,9,0,5,83,24,1,0),
	(50,'전준우',5,'0.331',44,156,145,26,48,8,1,2,64,15,0,1),
	(51,'민병헌',5,'0.322',34,135,121,18,39,7,0,3,55,15,2,2),
	(52,'채태인',5,'0.318',44,127,110,15,35,7,0,4,54,23,0,0),
	(53,'신본기',5,'0.314',44,157,140,23,44,10,0,4,66,29,1,2),
	(54,'이병규',5,'0.308',41,108,78,17,24,6,0,5,45,15,0,1),
	(55,'정훈',5,'0.3',16,33,30,6,9,4,0,2,19,8,0,1),
	(56,'김문호',5,'0.256',38,104,90,11,23,7,0,1,33,14,2,0),
	(57,'번즈',5,'0.248',35,137,129,16,32,10,2,3,55,11,0,0),
	(58,'문규현',5,'0.232',40,108,95,13,22,6,0,1,31,10,6,1),
	(59,'한동희',5,'0.222',26,85,81,9,18,2,1,0,22,9,0,1),
	(60,'김동한',5,'0.211',17,22,19,5,4,0,0,1,7,3,0,1),
	(61,'김사훈',5,'0.167',27,36,36,4,6,1,0,0,7,1,0,0),
	(62,'오윤석',5,'0.167',9,13,12,2,2,0,0,0,2,0,0,0),
	(63,'나종덕',5,'0.123',40,92,81,8,10,1,0,0,11,5,4,0),
	(64,'나원탁',5,'0.111',6,9,9,0,1,0,0,0,1,1,0,0),
	(65,'나경민',5,'0',11,4,3,4,0,0,0,0,0,0,0,0),
	(66,'박헌도',5,'0',3,5,4,0,0,0,0,0,0,0,0,0),
	(67,'진명호',5,'0',1,0,0,0,0,0,0,0,0,0,0,0),
	(68,'황진수',5,'0',6,7,7,0,0,0,0,0,0,0,0,0),
	(69,'김민수',9,'0.5',2,2,2,0,1,0,0,0,1,0,0,0),
	(70,'러프',9,'0.341',47,203,170,33,58,12,1,10,102,36,0,3),
	(71,'김헌곤',9,'0.324',46,205,182,22,59,9,0,5,83,27,2,1),
	(72,'박한이',9,'0.318',24,94,85,11,27,6,0,2,39,13,0,0),
	(73,'구자욱',9,'0.302',21,94,86,15,26,4,2,0,34,7,0,0),
	(74,'이원석',9,'0.297',45,198,175,30,52,13,0,8,89,32,0,0),
	(75,'박해민',9,'0.287',47,201,181,31,52,6,4,2,72,14,3,1),
	(76,'강한울',9,'0.286',43,137,126,12,36,4,1,0,42,8,2,0),
	(77,'김상수',9,'0.282',42,177,156,27,44,7,0,6,69,23,2,1),
	(78,'손주인',9,'0.281',19,63,57,4,16,5,0,0,21,3,4,0),
	(79,'박찬도',9,'0.271',29,68,59,10,16,4,1,0,22,5,1,0),
	(80,'강민호',9,'0.252',42,162,143,15,36,6,0,7,63,21,0,4),
	(81,'배영섭',9,'0.247',35,111,97,7,24,4,0,0,28,8,2,0),
	(82,'이성곤',9,'0.231',8,16,13,1,3,0,0,0,3,0,0,0),
	(83,'조동찬',9,'0.229',17,37,35,1,8,1,0,0,9,0,1,0),
	(84,'김성훈',9,'0.19',33,68,58,5,11,2,0,0,13,6,2,1),
	(85,'이지영',9,'0.176',19,41,34,1,6,2,0,0,8,3,2,0),
	(86,'최영진',9,'0.125',11,18,16,1,2,1,0,0,3,2,0,1),
	(87,'권정웅',9,'0',4,8,8,0,0,0,0,0,0,0,0,0),
	(88,'김성윤',9,'0',1,2,2,0,0,0,0,0,0,0,0,0),
	(89,'김응민',9,'0',1,1,1,0,0,0,0,0,0,0,0,0),
	(90,'안주형',9,'0',2,1,1,0,0,0,0,0,0,0,0,0),
	(91,'이성열',3,'0.347',33,128,118,18,41,6,1,6,67,25,0,0),
	(92,'이용규',3,'0.327',43,187,159,28,52,5,1,0,59,7,2,2),
	(93,'호잉',3,'0.327',43,179,156,32,51,13,1,12,102,34,0,1),
	(94,'송광민',3,'0.325',44,181,169,30,55,11,0,6,84,35,0,4),
	(95,'김태균',3,'0.301',32,131,123,10,37,5,0,4,54,15,0,0),
	(96,'정근우',3,'0.286',35,126,112,14,32,6,1,2,46,12,1,1),
	(97,'양성우',3,'0.274',44,168,146,25,40,7,0,1,50,9,0,1),
	(98,'지성준',3,'0.266',29,67,64,5,17,2,0,1,22,6,0,0),
	(99,'김민하',3,'0.25',6,12,12,1,3,0,0,0,3,2,0,0),
	(100,'김태연',3,'0.25',5,4,4,1,1,0,0,0,1,0,0,0),
	(101,'장진혁',3,'0.25',9,8,8,3,2,0,1,0,4,0,0,0),
	(102,'오선진',3,'0.247',30,89,81,8,20,3,0,1,26,6,1,0),
	(103,'하주석',3,'0.245',43,173,163,17,40,4,1,4,58,15,1,0),
	(104,'김회성',3,'0.217',15,27,23,2,5,1,0,1,9,6,0,0),
	(105,'최진행',3,'0.184',13,44,38,4,7,1,0,1,11,3,0,0),
	(106,'최재훈',3,'0.173',38,112,98,9,17,5,0,0,22,11,2,2),
	(107,'정은원',3,'0.16',17,27,25,3,4,0,0,1,7,3,0,1),
	(108,'백창수',3,'0.136',9,26,22,3,3,2,0,0,5,3,0,0),
	(109,'강상원',3,'0',5,5,5,0,0,0,0,0,0,0,0,0),
	(110,'안영명',3,'0',1,0,0,0,0,0,0,0,0,0,0,0),
	(111,'이동걸',3,'0',1,0,0,0,0,0,0,0,0,0,0,0),
	(112,'이동훈',3,'0',7,3,3,1,0,0,0,0,0,0,0,0),
	(113,'정경운',3,'0',15,11,10,0,0,0,0,0,0,1,0,1),
	(114,'최윤석',3,'0',1,0,0,0,0,0,0,0,0,0,0,0),
	(115,'한승택',4,'1',2,1,1,0,1,0,0,0,1,0,0,0),
	(116,'유재신',4,'0.636',20,13,11,9,7,2,0,0,9,1,0,0),
	(117,'안치홍',4,'0.371',35,149,132,25,49,11,0,9,87,38,0,2),
	(118,'최형우',4,'0.364',44,183,162,27,59,10,1,7,92,29,0,2),
	(119,'정성훈',4,'0.351',33,82,74,10,26,6,0,2,38,10,0,0),
	(120,'김선빈',4,'0.313',44,168,150,21,47,10,1,1,62,21,2,1),
	(121,'김주찬',4,'0.305',41,173,154,26,47,9,0,6,74,30,1,4),
	(122,'이명기',4,'0.302',43,176,159,29,48,12,2,1,67,17,4,1),
	(123,'백용환',4,'0.294',25,38,34,5,10,0,0,0,10,3,1,0),
	(124,'버나디나',4,'0.29',40,178,162,32,47,6,1,7,76,23,0,0),
	(125,'최정민',4,'0.286',19,24,21,6,6,0,0,2,12,2,0,0),
	(126,'김민식',4,'0.276',42,137,116,20,32,4,1,4,50,19,5,0),
	(127,'나지완',4,'0.259',42,164,139,25,36,7,0,9,70,29,0,1),
	(128,'홍재호',4,'0.25',8,21,20,3,5,1,0,1,9,1,0,0),
	(129,'이범호',4,'0.241',28,99,87,10,21,2,0,5,38,19,0,0),
	(130,'황윤호',4,'0.24',30,27,25,4,6,1,0,0,7,2,2,0),
	(131,'서동욱',4,'0.238',30,48,42,3,10,3,0,0,13,2,0,1),
	(132,'최원준',4,'0.236',20,60,55,7,13,4,0,1,20,5,2,0),
	(133,'이영욱',4,'0.125',13,16,16,0,2,0,0,0,2,1,0,0),
	(134,'김세현',4,'0',1,0,0,0,0,0,0,0,0,0,0,0),
	(135,'김유신',4,'0',2,0,0,0,0,0,0,0,0,0,0,0),
	(136,'김주형',4,'0',2,4,4,0,0,0,0,0,0,0,0,0),
	(137,'김지성',4,'0',1,0,0,0,0,0,0,0,0,0,0,0),
	(138,'문경찬',4,'0',3,0,0,0,0,0,0,0,0,0,0,0),
	(139,'오준혁',4,'0',2,5,5,0,0,0,0,0,0,0,0,0),
	(140,'유승철',4,'0',2,1,1,0,0,0,0,0,0,0,0,0),
	(141,'임창용',4,'0',1,0,0,0,0,0,0,0,0,0,0,0),
	(142,'황인준',4,'0',1,1,1,0,0,0,0,0,0,0,0,0),
	(143,'유한준',8,'0.363',43,171,157,22,57,9,0,9,93,30,1,0),
	(144,'황재균',8,'0.32',46,199,178,25,57,13,3,5,91,22,0,1),
	(145,'박기혁',8,'0.303',32,73,66,7,20,1,0,0,21,10,1,1),
	(146,'오태곤',8,'0.292',45,116,106,21,31,7,0,5,53,13,0,0),
	(147,'이진영',8,'0.292',33,70,65,9,19,3,1,1,27,8,0,0),
	(148,'이해창',8,'0.286',29,67,63,9,18,3,0,4,33,13,1,0),
	(149,'로하스',8,'0.28',46,209,189,26,53,13,0,11,99,30,0,0),
	(150,'심우준',8,'0.277',42,129,119,15,33,7,0,2,46,11,1,0),
	(151,'강백호',8,'0.273',44,167,150,28,41,14,0,6,73,25,0,2),
	(152,'박경수',8,'0.271',45,193,166,27,45,9,0,8,78,22,0,0),
	(153,'윤석민',8,'0.259',44,179,158,23,41,9,0,7,71,21,0,2),
	(154,'이준수',8,'0.25',8,10,8,0,2,0,0,0,2,1,1,0),
	(155,'전민수',8,'0.235',10,20,17,0,4,2,0,0,6,3,0,0),
	(156,'정현',8,'0.233',22,49,43,4,10,3,0,0,13,0,2,0),
	(157,'홍현빈',8,'0.231',14,15,13,2,3,0,0,0,3,1,0,0),
	(158,'이창진',8,'0.222',8,9,9,3,2,0,0,0,2,0,0,0),
	(159,'김지열',8,'0.211',15,20,19,3,4,2,0,0,6,0,0,0),
	(160,'장성우',8,'0.211',41,106,95,8,20,5,0,4,37,12,0,0),
	(161,'김동욱',8,'0',7,6,5,2,0,0,0,0,0,0,0,0),
	(162,'김재윤',8,'0',1,0,0,0,0,0,0,0,0,0,0,0),
	(163,'오정복',8,'0',5,7,7,0,0,0,0,0,0,0,0,0),
	(164,'이천웅',6,'0.375',21,55,48,8,18,3,0,0,21,3,1,0),
	(165,'이형종',6,'0.363',26,115,102,19,37,8,0,2,51,10,1,0),
	(166,'가르시아',6,'0.356',20,85,73,10,26,3,0,3,38,15,0,3),
	(167,'김현수',6,'0.353',48,214,187,39,66,17,2,8,111,30,0,1),
	(168,'채은성',6,'0.318',47,189,179,30,57,15,0,8,96,35,0,2),
	(169,'정주현',6,'0.316',30,45,38,10,12,1,0,0,13,2,0,0),
	(170,'오지환',6,'0.292',48,210,185,29,54,7,1,4,75,28,5,2),
	(171,'박용택',6,'0.286',47,207,182,26,52,14,1,3,77,19,0,3),
	(172,'유강남',6,'0.277',43,161,148,22,41,9,0,8,74,24,0,0),
	(173,'양석환',6,'0.275',46,170,160,20,44,7,0,9,78,30,0,4),
	(174,'임훈',6,'0.258',23,34,31,5,8,0,0,1,11,2,1,0),
	(175,'김재율',6,'0.25',3,6,4,1,1,0,0,0,1,0,0,0),
	(176,'윤대영',6,'0.25',8,20,20,0,5,1,0,0,6,3,0,0),
	(177,'윤진호',6,'0.25',26,10,8,1,2,0,0,0,2,0,1,0),
	(178,'정상호',6,'0.25',19,36,32,1,8,2,0,0,10,3,2,0),
	(179,'김용의',6,'0.242',33,72,62,7,15,1,0,0,16,3,3,0),
	(180,'안익훈',6,'0.196',22,105,97,8,19,4,0,0,23,6,2,1),
	(181,'강승호',6,'0.191',32,109,94,4,18,4,0,1,25,10,3,1),
	(182,'문선재',6,'0.167',2,6,6,0,1,0,0,0,1,0,0,0),
	(183,'박지규',6,'0.1',9,13,10,0,1,0,0,0,1,0,1,0),
	(184,'백승현',6,'0',2,1,1,0,0,0,0,0,0,0,0,0),
	(185,'나성범',10,'0.349',47,199,186,36,65,11,0,9,103,28,0,1),
	(186,'윤수강',10,'0.313',7,18,16,3,5,3,0,0,8,4,1,0),
	(187,'윤병호',10,'0.3',7,24,20,3,6,1,0,0,7,0,1,0),
	(188,'노진혁',10,'0.281',47,150,135,17,38,5,2,2,53,11,1,1),
	(189,'김성욱',10,'0.274',47,161,146,23,40,4,0,7,65,16,0,0),
	(190,'스크럭스',10,'0.272',46,177,151,23,41,10,0,8,75,25,0,2),
	(191,'박석민',10,'0.252',37,135,115,7,29,6,0,5,50,18,0,1),
	(192,'모창민',10,'0.25',45,167,148,17,37,7,0,5,59,30,0,3),
	(193,'최준석',10,'0.25',36,79,72,3,18,2,0,2,26,12,0,0),
	(194,'박민우',10,'0.238',36,136,126,14,30,3,2,1,40,9,1,2),
	(195,'이상호',10,'0.234',41,71,64,7,15,2,0,0,17,2,2,0),
	(196,'이원재',10,'0.222',12,20,18,3,4,0,0,2,10,3,0,0),
	(197,'이종욱',10,'0.215',36,112,107,12,23,6,0,1,32,6,1,1),
	(198,'권희동',10,'0.207',10,30,29,3,6,3,0,0,9,1,0,0),
	(199,'강진성',10,'0.206',26,39,34,4,7,1,0,0,8,0,2,0),
	(200,'지석훈',10,'0.195',27,45,41,4,8,1,0,0,9,4,0,1),
	(201,'신진호',10,'0.182',20,25,22,1,4,0,0,0,4,1,0,0),
	(202,'이재율',10,'0.16',22,28,25,5,4,1,1,0,7,1,0,0),
	(203,'정범모',10,'0.154',43,99,91,6,14,4,0,1,21,6,1,2),
	(204,'손시헌',10,'0.103',17,47,39,5,4,2,0,1,9,6,0,0),
	(205,'강윤구',10,'0',2,0,0,0,0,0,0,0,0,0,0,0),
	(206,'김종민',10,'0',3,1,1,0,0,0,0,0,0,0,0,0),
	(207,'김진성',10,'0',2,0,0,0,0,0,0,0,0,0,0,0),
	(208,'도태훈',10,'0',5,6,5,0,0,0,0,0,0,0,0,0),
	(209,'박광열',10,'0',5,4,3,0,0,0,0,0,0,0,0,0),
	(210,'배재환',10,'0',1,0,0,0,0,0,0,0,0,0,0,0),
	(211,'오영수',10,'0',1,4,4,0,0,0,0,0,0,0,0,0),
	(212,'이민호',10,'0',3,1,1,0,0,0,0,0,0,0,0,0),
	(213,'임창민',10,'0',1,0,0,0,0,0,0,0,0,0,0,0),
	(214,'정수민',10,'0',1,0,0,0,0,0,0,0,0,0,0,0),
	(215,'박승욱',2,'0.381',13,24,21,1,8,1,0,0,9,4,1,0),
	(216,'로맥',2,'0.37',44,194,165,37,61,9,0,14,112,35,0,2),
	(217,'이재원',2,'0.331',43,155,127,22,42,8,0,3,59,14,3,1),
	(218,'김성현',2,'0.321',39,118,109,12,35,7,0,1,45,17,0,2),
	(219,'이성우',2,'0.308',22,29,26,3,8,2,0,0,10,1,1,0),
	(220,'노수광',2,'0.305',44,174,154,24,47,7,3,2,66,13,4,0),
	(221,'나주환',2,'0.286',39,149,133,20,38,8,0,4,58,22,4,0),
	(222,'정진기',2,'0.274',42,126,117,24,32,5,1,2,45,13,2,0),
	(223,'최항',2,'0.264',27,78,72,13,19,7,1,0,28,8,0,0),
	(224,'최정',2,'0.255',44,195,165,39,42,8,0,18,104,38,0,0),
	(225,'최승준',2,'0.243',26,77,70,5,17,3,0,4,32,11,0,0),
	(226,'김동엽',2,'0.235',40,158,149,22,35,6,0,10,71,25,0,2),
	(227,'정의윤',2,'0.232',31,105,95,9,22,6,0,7,49,19,0,1),
	(228,'한동민',2,'0.217',40,167,143,27,31,7,0,8,62,23,0,1),
	(229,'박성한',2,'0.172',16,34,29,1,5,1,0,0,6,1,0,0),
	(230,'김재현',2,'0.167',4,8,6,1,1,0,0,0,1,0,0,0),
	(231,'김강민',2,'0',3,0,0,0,0,0,0,0,0,0,0,0),
	(232,'박정배',2,'0',4,0,0,0,0,0,0,0,0,0,0,0);

/*!40000 ALTER TABLE `batter` ENABLE KEYS */;
UNLOCK TABLES;


# Dump of table pitcher
# ------------------------------------------------------------

DROP TABLE IF EXISTS `pitcher`;

CREATE TABLE `pitcher` (
  `pitcher_id` int(11) unsigned NOT NULL AUTO_INCREMENT,
  `name` varchar(20) NOT NULL,
  `team_id` int(11) NOT NULL,
  `era` varchar(20) DEFAULT NULL,
  `g` int(11) DEFAULT NULL,
  `w` int(11) DEFAULT NULL,
  `l` int(11) DEFAULT NULL,
  `sv` int(11) DEFAULT NULL,
  `hld` int(11) DEFAULT NULL,
  `wpct` varchar(20) DEFAULT NULL,
  `ip` varchar(20) DEFAULT NULL,
  `h` int(11) DEFAULT NULL,
  `hr` int(11) DEFAULT NULL,
  `bb` int(11) DEFAULT NULL,
  `hbp` int(11) DEFAULT NULL,
  `so` int(11) DEFAULT NULL,
  `r` int(11) DEFAULT NULL,
  `er` int(11) DEFAULT NULL,
  `whip` varchar(20) DEFAULT NULL,
  PRIMARY KEY (`pitcher_id`)
) ENGINE=InnoDB DEFAULT CHARSET=utf8;

LOCK TABLES `pitcher` WRITE;
/*!40000 ALTER TABLE `pitcher` DISABLE KEYS */;

INSERT INTO `pitcher` (`pitcher_id`, `name`, `team_id`, `era`, `g`, `w`, `l`, `sv`, `hld`, `wpct`, `ip`, `h`, `hr`, `bb`, `hbp`, `so`, `r`, `er`, `whip`)
VALUES
	(1,'김상수',7,'1.37',20,0,1,0,14,'0','19 2/3',16,0,6,0,23,3,3,'1.12'),
	(2,'이보근',7,'2.75',20,3,2,0,8,'0.6','19 2/3',20,1,5,0,18,6,6,'1.27'),
	(3,'로저스',7,'2.94',10,4,2,0,0,'0.667','67 1/3',68,4,12,3,62,27,22,'1.19'),
	(4,'최원태',7,'3.6',9,5,4,0,0,'0.556','55',55,1,18,7,41,22,22,'1.33'),
	(5,'브리검',7,'3.73',10,1,3,0,0,'0.25','62 2/3',64,5,20,7,57,28,26,'1.34'),
	(6,'조상우',7,'3.79',18,1,2,9,0,'0.333','19',16,1,6,2,23,11,8,'1.16'),
	(7,'김동준',7,'4.97',10,1,0,0,0,'1','12 2/3',15,2,4,0,10,7,7,'1.5'),
	(8,'김선기',7,'5.03',18,0,1,0,1,'0','19 2/3',25,2,13,0,19,11,11,'1.93'),
	(9,'한현희',7,'5.07',9,4,3,0,0,'0.571','55',64,8,16,5,34,34,31,'1.45'),
	(10,'조덕길',7,'5.87',12,0,0,0,0,'-','15 1/3',13,2,8,0,14,11,10,'1.37'),
	(11,'하영민',7,'7.04',4,0,1,0,0,'0','7 2/3',15,2,1,0,5,7,6,'2.09'),
	(12,'오주원',7,'7.53',18,0,1,0,4,'0','14 1/3',19,4,4,0,7,12,12,'1.6'),
	(13,'신재영',7,'7.56',9,2,4,0,0,'0.333','41 2/3',58,10,7,4,26,35,35,'1.56'),
	(14,'김성민',7,'8.31',19,2,1,0,1,'0.667','17 1/3',25,2,13,0,19,19,16,'2.19'),
	(15,'이영준',7,'22.5',2,0,0,0,0,'-','2',6,0,3,0,2,5,5,'4.5'),
	(16,'박신지',1,'0',1,0,0,0,0,'-','2',1,0,1,0,2,0,0,'1'),
	(17,'홍상삼',1,'0',6,0,0,0,0,'-','4 1/3',2,0,4,0,4,0,0,'1.38'),
	(18,'이용찬',1,'1.67',5,4,0,0,0,'1','27',18,1,5,1,18,5,5,'0.85'),
	(19,'함덕주',1,'2.77',23,3,1,10,2,'0.75','26',22,2,18,2,29,8,8,'1.54'),
	(20,'후랭코프',1,'2.82',9,6,0,0,0,'1','51',29,4,27,6,49,16,16,'1.1'),
	(21,'박치국',1,'2.84',26,1,2,1,8,'0.333','25 1/3',26,0,9,6,25,11,8,'1.38'),
	(22,'린드블럼',1,'3.08',10,6,2,0,0,'0.75','64 1/3',52,8,14,3,70,22,22,'1.03'),
	(23,'김승회',1,'3.52',9,0,0,0,1,'-','7 2/3',8,1,1,0,5,3,3,'1.17'),
	(24,'김정후',1,'3.63',12,0,0,0,0,'-','17 1/3',11,3,11,1,12,7,7,'1.27'),
	(25,'유재유',1,'4.5',1,0,0,0,0,'-','2',3,0,0,1,1,1,1,'1.5'),
	(26,'곽빈',1,'5.09',24,1,1,1,4,'0.5','23',30,3,13,1,21,13,13,'1.87'),
	(27,'이영하',1,'5.35',15,3,1,0,2,'0.75','38 2/3',44,5,15,1,33,23,23,'1.53'),
	(28,'김강률',1,'5.91',21,1,0,6,2,'1','21 1/3',27,2,6,1,19,15,14,'1.55'),
	(29,'이현승',1,'7.94',10,1,0,0,3,'1','5 2/3',8,1,4,0,7,5,5,'2.12'),
	(30,'유희관',1,'8.17',8,1,3,0,0,'0.25','36 1/3',64,6,7,2,27,33,33,'1.95'),
	(31,'장원준',1,'9.15',9,3,4,0,0,'0.429','41 1/3',55,9,19,3,32,44,42,'1.79'),
	(32,'변진수',1,'9.95',6,0,0,0,0,'-','6 1/3',8,1,1,2,5,7,7,'1.42'),
	(33,'현도훈',1,'14.54',1,0,1,0,0,'0','4 1/3',9,2,2,1,0,7,7,'2.54'),
	(34,'김민규',1,'54',1,0,0,0,0,'-',' 1/3',1,0,2,0,0,2,2,'9'),
	(35,'최대성',1,'81',1,0,0,0,0,'-','1',7,2,3,0,1,9,9,'10'),
	(36,'정성종',5,'0',2,0,0,0,0,'-','2 1/3',1,0,1,1,1,0,0,'0.86'),
	(37,'정태승',5,'0',1,0,0,0,0,'-','1',1,0,2,0,2,2,0,'3'),
	(38,'진명호',5,'1.11',24,4,1,1,5,'0.8','24 1/3',18,2,17,1,31,4,3,'1.44'),
	(39,'오현택',5,'1.93',20,1,0,0,7,'1','23 1/3',13,1,3,0,27,5,5,'0.69'),
	(40,'노경은',5,'2.37',8,1,2,0,0,'0.333','30 1/3',27,1,7,0,21,10,8,'1.12'),
	(41,'손승락',5,'3.18',17,1,1,8,0,'0.5','17',15,0,4,0,19,6,6,'1.12'),
	(42,'구승민',5,'3.78',14,2,1,0,0,'0.667','16 2/3',15,3,8,1,17,7,7,'1.38'),
	(43,'레일리',5,'4.1',9,2,4,0,0,'0.333','52 2/3',54,3,20,6,52,28,24,'1.41'),
	(44,'이명우',5,'4.67',26,0,0,0,1,'-','17 1/3',12,0,4,0,9,11,9,'0.92'),
	(45,'고효준',5,'4.76',7,0,0,0,0,'-','5 2/3',5,0,9,0,7,4,3,'2.47'),
	(46,'송승준',5,'4.76',3,0,1,0,0,'0','11 1/3',12,0,5,1,11,7,6,'1.5'),
	(47,'윤성빈',5,'4.85',8,1,3,0,0,'0.25','39',35,3,23,3,43,21,21,'1.49'),
	(48,'윤길현',5,'5.06',7,0,1,0,0,'0','5 1/3',3,0,4,0,7,3,3,'1.31'),
	(49,'배장호',5,'5.4',19,1,1,0,0,'0.5','16 2/3',17,2,7,2,9,11,10,'1.44'),
	(50,'듀브론트',5,'5.48',9,2,4,0,0,'0.333','47 2/3',51,4,27,2,37,32,29,'1.64'),
	(51,'김원중',5,'5.86',9,3,1,0,0,'0.75','43',49,8,26,2,52,28,28,'1.74'),
	(52,'박진형',5,'6.23',13,3,2,0,1,'0.6','13',23,1,8,1,11,12,9,'2.38'),
	(53,'장시환',5,'7.94',11,0,0,0,1,'-','11 1/3',15,3,7,0,12,12,10,'1.94'),
	(54,'박시영',5,'10.97',6,0,0,0,0,'-','10 2/3',18,3,6,0,7,14,13,'2.25'),
	(55,'조무근',5,'13.5',2,1,0,0,0,'1',' 2/3',2,0,1,2,1,1,1,'4.5'),
	(56,'김대우',5,'16.2',3,0,0,0,0,'-','1 2/3',6,1,1,0,1,3,3,'4.2'),
	(57,'최채흥',9,'2.45',1,0,0,0,0,'-','3 2/3',8,0,1,0,2,2,1,'2.45'),
	(58,'최충연',9,'2.73',25,1,3,0,5,'0.25','29 2/3',25,4,6,1,43,9,9,'1.04'),
	(59,'양창섭',9,'2.87',3,1,1,0,0,'0.5','15 2/3',15,1,7,2,10,6,5,'1.4'),
	(60,'심창민',9,'3',24,3,0,3,3,'1','27',17,3,7,3,26,11,9,'0.89'),
	(61,'장원삼',9,'4.18',4,2,0,0,0,'1','23 2/3',26,3,6,1,20,12,11,'1.35'),
	(62,'임현준',9,'4.61',21,0,1,0,3,'0','13 2/3',9,2,3,1,12,7,7,'0.88'),
	(63,'장필준',9,'4.7',16,0,2,6,2,'0','15 1/3',18,2,10,2,21,8,8,'1.83'),
	(64,'백정현',9,'4.76',7,1,3,1,0,'0.25','34',48,7,6,1,32,18,18,'1.59'),
	(65,'보니야',9,'4.99',9,2,3,0,0,'0.4','52 1/3',57,5,18,2,47,35,29,'1.43'),
	(66,'아델만',9,'5.12',10,3,3,0,0,'0.5','58',69,5,22,3,49,33,33,'1.57'),
	(67,'한기주',9,'5.23',20,0,3,0,3,'0','20 2/3',26,5,5,4,15,15,12,'1.5'),
	(68,'김승현',9,'5.31',17,0,3,0,1,'0','20 1/3',29,2,11,0,15,13,12,'1.97'),
	(69,'우규민',9,'5.4',7,0,0,0,2,'-','6 2/3',10,0,3,2,4,4,4,'1.95'),
	(70,'김대우',9,'6.4',7,2,2,0,0,'0.5','32 1/3',42,4,14,3,13,25,23,'1.73'),
	(71,'윤성환',9,'6.75',9,2,4,0,0,'0.333','48',67,7,15,4,35,39,36,'1.71'),
	(72,'권오준',9,'6.94',13,2,0,0,0,'1','11 2/3',17,4,2,0,9,10,9,'1.63'),
	(73,'황수범',9,'11.57',2,0,0,0,0,'-','2 1/3',3,0,6,0,2,3,3,'3.86'),
	(74,'김시현',9,'12.6',4,0,0,0,0,'-','5',10,2,2,2,5,7,7,'2.4'),
	(75,'이승현',9,'18',1,0,0,0,0,'-','2',4,1,1,1,2,4,4,'2.5'),
	(76,'김기태',9,'27',1,0,0,0,0,'-','1 2/3',4,3,0,1,2,5,5,'2.4'),
	(77,'서균',3,'0',24,0,0,1,7,'-','15 1/3',9,0,5,1,10,1,0,'0.91'),
	(78,'송창식',3,'0',3,1,0,0,1,'1','1 2/3',4,0,0,0,2,0,0,'2.4'),
	(79,'정우람',3,'0.92',21,1,0,17,0,'1','19 2/3',12,1,4,1,23,4,2,'0.81'),
	(80,'박상원',3,'1.8',20,1,1,0,4,'0.5','15',15,1,5,2,13,5,3,'1.33'),
	(81,'안영명',3,'2.3',17,2,0,0,7,'1','27 1/3',28,3,3,1,14,7,7,'1.13'),
	(82,'송은범',3,'2.64',23,4,3,0,4,'0.571','30 2/3',30,0,12,2,23,15,9,'1.37'),
	(83,'장민재',3,'2.7',5,2,1,0,0,'0.667','10',10,1,2,0,6,3,3,'1.2'),
	(84,'이태양',3,'3.7',15,1,0,0,0,'1','24 1/3',22,5,8,2,30,10,10,'1.23'),
	(85,'샘슨',3,'4.45',10,4,3,0,0,'0.571','56 2/3',50,6,25,0,72,32,28,'1.32'),
	(86,'휠러',3,'4.58',10,2,5,0,0,'0.286','57',66,6,17,5,51,29,29,'1.46'),
	(87,'김재영',3,'5.05',8,3,1,0,0,'0.75','41',50,6,12,4,21,26,23,'1.51'),
	(88,'강승현',3,'5.4',2,0,0,0,0,'-','1 2/3',3,1,0,0,2,1,1,'1.8'),
	(89,'배영수',3,'5.49',8,1,1,0,0,'0.5','39 1/3',40,2,15,5,35,25,24,'1.4'),
	(90,'김진욱',3,'6.35',3,0,0,0,0,'-','5 2/3',6,0,3,3,4,4,4,'1.59'),
	(91,'박주홍',3,'6.59',20,1,1,0,0,'0.5','13 2/3',13,4,8,2,16,10,10,'1.54'),
	(92,'김민우',3,'8.56',4,1,1,0,0,'0.5','13 2/3',20,4,8,1,10,13,13,'2.05'),
	(93,'김범수',3,'9',6,1,0,0,1,'1','4',6,2,3,0,3,4,4,'2.25'),
	(94,'윤규진',3,'9',4,1,2,0,0,'0.333','17',26,4,6,2,17,20,17,'1.88'),
	(95,'심수창',3,'15.43',3,0,0,0,0,'-','2 1/3',7,2,0,0,2,4,4,'3'),
	(96,'이동걸',3,'18',1,0,0,0,0,'-','2',5,1,0,0,2,4,4,'2.5'),
	(97,'심동섭',4,'0',2,0,0,0,1,'-','2 2/3',2,0,1,0,2,0,0,'1.13'),
	(98,'임창용',4,'1.89',18,0,0,2,4,'-','19',10,3,9,2,17,4,4,'1'),
	(99,'황인준',4,'2.57',4,0,0,0,0,'-','7',4,1,0,0,2,2,2,'0.57'),
	(100,'양현종',4,'2.87',10,7,2,0,0,'0.778','69',68,6,11,1,66,24,22,'1.14'),
	(101,'김윤동',4,'3.04',21,3,2,0,5,'0.6','26 2/3',18,4,15,0,20,9,9,'1.24'),
	(102,'유승철',4,'3.12',13,0,0,0,1,'-','17 1/3',20,1,7,1,19,6,6,'1.56'),
	(103,'팻딘',4,'4.53',9,2,2,0,0,'0.5','55 2/3',73,7,10,0,41,29,28,'1.49'),
	(104,'헥터',4,'4.63',10,4,2,0,0,'0.667','58 1/3',73,7,10,1,42,34,30,'1.42'),
	(105,'임기영',4,'4.88',5,2,3,0,0,'0.4','27 2/3',31,5,6,4,16,17,15,'1.34'),
	(106,'홍건희',4,'6',2,0,0,0,0,'-','3',6,0,3,0,1,3,2,'3'),
	(107,'정용운',4,'6.3',3,1,0,0,0,'1','10',10,1,8,0,5,7,7,'1.8'),
	(108,'한승혁',4,'7.03',7,1,2,0,0,'0.333','32',37,5,16,1,30,27,25,'1.66'),
	(109,'박정수',4,'7.3',10,0,0,0,0,'-','12 1/3',11,2,3,2,14,11,10,'1.14'),
	(110,'문경찬',4,'7.43',6,0,0,0,0,'-','13 1/3',21,4,4,1,11,11,11,'1.88'),
	(111,'김유신',4,'8.1',4,0,0,0,0,'-','3 1/3',4,0,0,0,3,3,3,'1.2'),
	(112,'이민우',4,'8.84',12,1,3,0,1,'0.25','18 1/3',24,3,11,5,11,18,18,'1.91'),
	(113,'임기준',4,'9',12,1,1,0,1,'0.5','5',9,2,5,2,3,5,5,'2.8'),
	(114,'김세현',4,'9.45',15,1,5,4,0,'0.167','13 1/3',22,3,7,0,15,15,14,'2.18'),
	(115,'이종혁',8,'1.08',8,0,1,1,0,'0','8 1/3',5,0,1,0,5,2,1,'0.72'),
	(116,'배우열',8,'1.59',5,0,0,0,0,'-','5 2/3',7,0,3,0,9,2,1,'1.76'),
	(117,'이상화',8,'2.61',11,0,0,2,3,'-','10 1/3',6,0,5,1,14,3,3,'1.06'),
	(118,'홍성용',8,'3.54',18,1,0,0,1,'1','20 1/3',20,3,6,1,21,9,8,'1.28'),
	(119,'금민철',8,'3.74',10,4,2,0,0,'0.667','55 1/3',74,4,17,2,35,27,23,'1.64'),
	(120,'김사율',8,'3.95',7,0,0,0,0,'-','13 2/3',13,4,4,0,3,6,6,'1.24'),
	(121,'심재민',8,'4.15',21,3,2,1,2,'0.6','21 2/3',23,3,8,2,22,13,10,'1.43'),
	(122,'피어밴드',8,'4.5',7,1,3,0,0,'0.25','42',45,7,10,4,42,22,21,'1.31'),
	(123,'고영표',8,'4.67',9,2,4,0,0,'0.333','54',67,7,10,4,57,33,28,'1.43'),
	(124,'류희운',8,'4.85',14,1,1,0,1,'0.5','26',28,6,9,1,18,14,14,'1.42'),
	(125,'김재윤',8,'4.96',18,4,0,2,0,'1','16 1/3',15,5,3,0,16,9,9,'1.1'),
	(126,'니퍼트',8,'6.05',8,2,4,0,0,'0.333','41 2/3',59,6,7,2,39,31,28,'1.58'),
	(127,'신병률',8,'7.04',10,0,0,0,0,'-','15 1/3',20,3,2,1,6,12,12,'1.43'),
	(128,'박세진',8,'7.65',5,1,3,0,0,'0.25','20',27,6,11,1,18,18,17,'1.9'),
	(129,'고창성',8,'7.9',12,0,0,0,3,'-','13 2/3',19,3,3,2,8,12,12,'1.61'),
	(130,'엄상백',8,'8.03',15,0,4,2,1,'0','12 1/3',18,0,5,1,6,11,11,'1.86'),
	(131,'주권',8,'8.51',6,1,2,0,0,'0.333','30 2/3',45,5,9,2,21,31,29,'1.76'),
	(132,'배재준',6,'-',1,0,0,0,0,'-','0',0,0,3,0,0,1,0,'-'),
	(133,'윤지웅',6,'0',1,0,0,0,0,'-',' 1/3',0,0,1,1,0,0,0,'3'),
	(134,'임정우',6,'0',2,0,0,0,0,'-',' 2/3',1,0,2,0,1,0,0,'4.5'),
	(135,'소사',6,'1.8',10,3,3,0,0,'0.5','70',60,2,13,3,57,19,14,'1.04'),
	(136,'최성훈',6,'2.03',19,0,0,0,2,'-','13 1/3',11,2,8,1,12,3,3,'1.43'),
	(137,'손주영',6,'2.08',1,0,0,0,0,'-','4 1/3',4,0,5,0,0,1,1,'2.08'),
	(138,'정찬헌',6,'3.38',23,3,3,10,0,'0.5','24',25,0,9,2,18,9,9,'1.42'),
	(139,'여건욱',6,'3.48',10,0,0,0,0,'-','10 1/3',10,1,5,3,4,4,4,'1.45'),
	(140,'윌슨',6,'3.76',9,2,3,0,0,'0.4','55',63,4,11,2,60,24,23,'1.35'),
	(141,'임찬규',6,'3.86',9,5,3,0,0,'0.625','49',52,6,23,5,32,22,21,'1.53'),
	(142,'김대현',6,'4.22',10,2,2,0,0,'0.5','49',49,5,20,8,29,28,23,'1.41'),
	(143,'이동현',6,'5.4',17,1,1,0,3,'0.5','15',17,1,4,1,7,9,9,'1.4'),
	(144,'최동환',6,'5.4',13,0,0,0,0,'-','16 2/3',16,2,5,1,12,10,10,'1.26'),
	(145,'김지용',6,'5.63',24,2,4,0,9,'0.333','24',27,6,4,2,21,17,15,'1.29'),
	(146,'고우석',6,'5.87',14,0,0,0,0,'-','15 1/3',18,1,5,3,9,11,10,'1.5'),
	(147,'차우찬',6,'6.75',9,4,4,0,0,'0.5','49 1/3',63,10,20,2,33,38,37,'1.68'),
	(148,'신정락',6,'8.64',5,0,0,0,0,'-','8 1/3',14,2,2,1,5,8,8,'1.92'),
	(149,'진해수',6,'9.64',22,1,1,0,5,'0.5','14',23,2,6,1,8,16,15,'2.07'),
	(150,'임지섭',6,'27',1,0,1,0,0,'0','2',3,2,4,0,2,6,6,'3.5'),
	(151,'이우찬',6,'54',3,0,0,0,0,'-',' 2/3',3,0,3,1,0,4,4,'9'),
	(152,'윤수호',10,'0',1,0,0,0,0,'-','1',0,0,0,0,2,0,0,'0'),
	(153,'최성영',10,'2.08',6,2,0,0,0,'1','17 1/3',17,0,1,1,15,4,4,'1.04'),
	(154,'왕웨이중',10,'2.16',8,4,1,0,0,'0.8','50',53,2,12,1,32,15,12,'1.3'),
	(155,'이민호',10,'3.38',14,1,0,2,0,'1','16',15,3,4,0,14,6,6,'1.19'),
	(156,'구창모',10,'4.03',12,1,3,0,0,'0.25','38',43,4,18,1,35,17,17,'1.61'),
	(157,'배재환',10,'4.03',20,2,2,0,2,'0.5','22 1/3',23,3,14,0,22,10,10,'1.66'),
	(158,'이재학',10,'4.28',10,1,5,0,0,'0.167','54 2/3',58,3,9,1,43,28,26,'1.23'),
	(159,'원종현',10,'4.96',16,0,1,1,4,'0','16 1/3',18,0,9,1,12,9,9,'1.65'),
	(160,'강윤구',10,'5.06',23,1,0,0,8,'1','10 2/3',8,2,3,0,11,6,6,'1.03'),
	(161,'김건태',10,'5.89',7,1,1,0,0,'0.5','18 1/3',24,2,5,2,14,12,12,'1.58'),
	(162,'최금강',10,'6.15',12,0,1,0,1,'0','26 1/3',33,4,16,1,14,19,18,'1.86'),
	(163,'임창민',10,'6.43',8,0,1,3,0,'0','7',8,2,2,0,9,6,5,'1.43'),
	(164,'베렛',10,'6.49',9,2,5,0,0,'0.286','43',56,6,19,3,36,32,31,'1.74'),
	(165,'노성호',10,'6.59',11,0,0,0,0,'-','13 2/3',13,4,6,0,20,10,10,'1.39'),
	(166,'정수민',10,'7.05',11,2,4,0,1,'0.333','37',43,9,22,1,29,29,29,'1.76'),
	(167,'유원상',10,'7.61',22,0,3,0,4,'0','23 2/3',33,1,8,2,15,22,20,'1.73'),
	(168,'이형범',10,'8.1',5,0,0,0,0,'-','6 2/3',12,0,3,0,1,6,6,'2.25'),
	(169,'김진성',10,'15.75',14,1,2,0,2,'0.333','12',25,6,5,0,7,22,21,'2.5'),
	(170,'윤강민',10,'18',4,0,0,0,0,'-','3',10,0,2,1,4,6,6,'4'),
	(171,'임준혁',2,'0',1,0,0,0,0,'-','1',1,0,1,0,0,0,0,'2'),
	(172,'박희수',2,'1.35',12,0,0,0,1,'-','13 1/3',11,1,7,2,13,3,2,'1.35'),
	(173,'신재웅',2,'1.65',18,0,0,0,6,'-','16 1/3',13,0,4,1,14,3,3,'1.04'),
	(174,'이승진',2,'2.08',6,0,0,0,0,'-','8 2/3',3,0,3,0,6,2,2,'0.69'),
	(175,'김광현',2,'2.76',8,5,2,0,0,'0.714','42 1/3',37,4,13,0,37,13,13,'1.18'),
	(176,'산체스',2,'2.77',9,4,1,0,1,'0.8','52',43,4,4,0,52,17,16,'0.9'),
	(177,'정영일',2,'3.95',14,1,0,0,2,'1','13 2/3',11,2,8,0,10,9,6,'1.39'),
	(178,'문승원',2,'4.11',9,1,3,0,0,'0.25','46',56,7,10,1,33,22,21,'1.43'),
	(179,'김태훈',2,'4.37',13,3,1,0,1,'0.75','35',40,3,11,1,25,20,17,'1.46'),
	(180,'서진용',2,'5.16',21,2,2,1,6,'0.5','22 2/3',25,4,7,1,28,15,13,'1.41'),
	(181,'박종훈',2,'5.17',9,5,2,0,0,'0.714','47',53,5,15,3,43,29,27,'1.45'),
	(182,'켈리',2,'5.71',8,3,3,0,0,'0.5','41',50,5,13,4,48,27,26,'1.54'),
	(183,'봉민호',2,'6.75',1,0,0,0,0,'-','1 1/3',1,1,0,0,2,1,1,'0.75'),
	(184,'전유수',2,'6.94',10,0,1,0,0,'0','11 2/3',15,3,4,2,9,9,9,'1.63'),
	(185,'박정배',2,'7',19,0,2,9,0,'0','18',17,5,5,0,16,14,14,'1.22'),
	(186,'윤희상',2,'7.71',18,0,0,1,5,'-','14',22,1,6,0,11,12,12,'2'),
	(187,'백인식',2,'10.13',11,1,2,0,1,'0.333','8',10,1,5,2,8,9,9,'1.88'),
	(188,'김주한',2,'13.5',7,1,0,0,1,'1','6',9,2,6,0,5,10,9,'2.5'),
	(189,'이원준',2,'27',2,0,0,0,0,'-','1 2/3',6,0,0,0,0,5,5,'3.6');

/*!40000 ALTER TABLE `pitcher` ENABLE KEYS */;
UNLOCK TABLES;


# Dump of table schedules_of_games
# ------------------------------------------------------------

DROP TABLE IF EXISTS `schedules_of_games`;

CREATE TABLE `schedules_of_games` (
  `schedule_id` bigint(11) unsigned NOT NULL AUTO_INCREMENT,
  `date` date DEFAULT NULL,
  `home_team_id` int(11) DEFAULT NULL,
  `home_team_score` int(11) DEFAULT NULL,
  `away_team_id` int(11) DEFAULT NULL,
  `away_team_score` int(11) DEFAULT NULL,
  PRIMARY KEY (`schedule_id`)
) ENGINE=InnoDB DEFAULT CHARSET=utf8;

LOCK TABLES `schedules_of_games` WRITE;
/*!40000 ALTER TABLE `schedules_of_games` DISABLE KEYS */;

INSERT INTO `schedules_of_games` (`schedule_id`, `date`, `home_team_id`, `home_team_score`, `away_team_id`, `away_team_score`)
VALUES
	(1,'2018-03-24',3,3,7,6),
	(2,'2018-03-24',9,6,1,3),
	(3,'2018-03-24',5,5,2,6),
	(4,'2018-03-24',8,5,4,4),
	(5,'2018-03-24',6,2,10,4),
	(6,'2018-03-25',3,4,7,1),
	(7,'2018-03-25',9,4,1,5),
	(8,'2018-03-25',5,0,2,5),
	(9,'2018-03-25',8,1,4,14),
	(10,'2018-03-25',6,1,10,7),
	(11,'2018-03-27',6,4,7,5),
	(12,'2018-03-27',5,0,1,5),
	(13,'2018-03-27',8,5,2,8),
	(14,'2018-03-27',9,0,4,17),
	(15,'2018-03-27',3,6,10,9),
	(16,'2018-03-28',6,9,7,3),
	(17,'2018-03-28',5,5,1,6),
	(18,'2018-03-28',8,8,2,5),
	(19,'2018-03-28',9,6,4,0),
	(20,'2018-03-28',3,6,10,2),
	(21,'2018-03-29',6,4,7,9),
	(22,'2018-03-29',5,1,1,4),
	(23,'2018-03-29',8,7,2,1),
	(24,'2018-03-29',9,0,4,7),
	(25,'2018-03-29',3,1,10,4),
	(26,'2018-03-30',4,4,6,3),
	(27,'2018-03-30',2,8,3,4),
	(28,'2018-03-30',7,10,9,8),
	(29,'2018-03-30',10,7,5,5),
	(30,'2018-03-30',1,6,8,2),
	(31,'2018-03-31',4,4,6,6),
	(32,'2018-03-31',2,12,3,1),
	(33,'2018-03-31',7,4,9,2),
	(34,'2018-03-31',10,10,5,5),
	(35,'2018-03-31',1,8,8,20),
	(36,'2018-04-01',4,5,6,6),
	(37,'2018-04-01',2,13,3,1),
	(38,'2018-04-01',7,5,9,6),
	(39,'2018-04-01',10,2,5,3),
	(40,'2018-04-01',1,4,8,9),
	(41,'2018-04-03',8,7,7,1),
	(42,'2018-04-03',6,4,1,5),
	(43,'2018-04-03',4,3,2,13),
	(44,'2018-04-03',5,11,3,17),
	(45,'2018-04-03',9,3,10,4),
	(46,'2018-04-04',8,2,7,10),
	(47,'2018-04-04',6,3,1,6),
	(48,'2018-04-04',4,9,2,6),
	(49,'2018-04-04',5,6,3,7),
	(50,'2018-04-04',9,1,10,4),
	(51,'2018-04-05',8,3,7,4),
	(52,'2018-04-05',6,NULL,1,NULL),
	(53,'2018-04-05',4,NULL,2,NULL),
	(54,'2018-04-05',5,NULL,3,NULL),
	(55,'2018-04-05',9,4,10,1),
	(56,'2018-04-06',10,NULL,1,NULL),
	(57,'2018-04-06',9,NULL,2,NULL),
	(58,'2018-04-06',7,5,4,11),
	(59,'2018-04-06',6,14,5,6),
	(60,'2018-04-06',3,NULL,8,NULL),
	(61,'2018-04-07',10,3,1,6),
	(62,'2018-04-07',9,3,2,4),
	(63,'2018-04-07',7,1,4,5),
	(64,'2018-04-07',6,2,5,7),
	(65,'2018-04-07',3,2,8,10),
	(66,'2018-04-08',10,10,1,11),
	(67,'2018-04-08',9,12,2,4),
	(68,'2018-04-08',7,3,4,4),
	(69,'2018-04-08',6,4,5,2),
	(70,'2018-04-08',3,12,8,8),
	(71,'2018-04-10',2,4,6,1),
	(72,'2018-04-10',4,3,3,4),
	(73,'2018-04-10',1,8,9,1),
	(74,'2018-04-10',8,5,10,4),
	(75,'2018-04-10',7,3,5,4),
	(76,'2018-04-11',2,0,6,3),
	(77,'2018-04-11',4,4,3,6),
	(78,'2018-04-11',1,7,9,6),
	(79,'2018-04-11',8,12,10,4),
	(80,'2018-04-11',7,0,5,12),
	(81,'2018-04-12',2,4,6,5),
	(82,'2018-04-12',4,4,3,15),
	(83,'2018-04-12',1,9,9,3),
	(84,'2018-04-12',8,7,10,2),
	(85,'2018-04-12',7,5,5,3),
	(86,'2018-04-13',1,12,7,0),
	(87,'2018-04-13',8,1,6,3),
	(88,'2018-04-13',10,2,2,4),
	(89,'2018-04-13',9,4,3,2),
	(90,'2018-04-13',5,8,4,4),
	(91,'2018-04-14',1,6,7,7),
	(92,'2018-04-14',8,0,6,8),
	(93,'2018-04-14',10,0,2,7),
	(94,'2018-04-14',9,2,3,14),
	(95,'2018-04-14',5,NULL,4,NULL),
	(96,'2018-04-15',1,3,7,2),
	(97,'2018-04-15',8,8,6,11),
	(98,'2018-04-15',10,2,2,3),
	(99,'2018-04-15',9,4,3,7),
	(100,'2018-04-15',5,NULL,4,NULL),
	(101,'2018-04-17',10,3,7,2),
	(102,'2018-04-17',3,5,1,2),
	(103,'2018-04-17',6,4,4,5),
	(104,'2018-04-17',9,11,5,6),
	(105,'2018-04-17',2,9,8,5),
	(106,'2018-04-18',10,1,7,0),
	(107,'2018-04-18',3,4,1,5),
	(108,'2018-04-18',6,3,4,4),
	(109,'2018-04-18',9,7,5,9),
	(110,'2018-04-18',2,8,8,3),
	(111,'2018-04-19',10,3,7,6),
	(112,'2018-04-19',3,2,1,5),
	(113,'2018-04-19',6,4,4,8),
	(114,'2018-04-19',9,6,5,0),
	(115,'2018-04-19',2,6,8,5),
	(116,'2018-04-20',4,4,1,6),
	(117,'2018-04-20',7,6,3,1),
	(118,'2018-04-20',8,5,9,4),
	(119,'2018-04-20',2,5,5,10),
	(120,'2018-04-20',6,9,10,4),
	(121,'2018-04-21',4,5,1,10),
	(122,'2018-04-21',7,4,3,3),
	(123,'2018-04-21',8,1,9,4),
	(124,'2018-04-21',2,3,5,4),
	(125,'2018-04-21',6,6,10,3),
	(126,'2018-04-22',4,14,1,4),
	(127,'2018-04-22',7,10,3,1),
	(128,'2018-04-22',8,6,9,4),
	(129,'2018-04-22',2,10,5,4),
	(130,'2018-04-22',6,5,10,4),
	(131,'2018-04-24',7,2,6,8),
	(132,'2018-04-24',1,10,2,9),
	(133,'2018-04-24',10,2,9,7),
	(134,'2018-04-24',3,NULL,4,NULL),
	(135,'2018-04-24',5,14,8,8),
	(136,'2018-04-25',7,1,6,2),
	(137,'2018-04-25',1,6,2,7),
	(138,'2018-04-25',10,9,9,2),
	(139,'2018-04-25',3,3,4,2),
	(140,'2018-04-25',5,5,8,4),
	(141,'2018-04-26',7,1,6,11),
	(142,'2018-04-26',1,4,2,5),
	(143,'2018-04-26',10,5,9,2),
	(144,'2018-04-26',3,3,4,1),
	(145,'2018-04-26',5,2,8,5),
	(146,'2018-04-27',2,8,7,3),
	(147,'2018-04-27',9,2,6,9),
	(148,'2018-04-27',3,3,5,5),
	(149,'2018-04-27',1,6,10,2),
	(150,'2018-04-27',4,8,8,3),
	(151,'2018-04-28',2,6,7,4),
	(152,'2018-04-28',9,4,6,6),
	(153,'2018-04-28',3,4,5,2),
	(154,'2018-04-28',1,1,10,5),
	(155,'2018-04-28',4,2,8,9),
	(156,'2018-04-29',2,5,7,8),
	(157,'2018-04-29',9,8,6,7),
	(158,'2018-04-29',3,3,5,4),
	(159,'2018-04-29',1,7,10,1),
	(160,'2018-04-29',4,3,8,5),
	(161,'2018-05-01',8,2,1,4),
	(162,'2018-05-01',6,5,3,6),
	(163,'2018-05-01',2,12,9,3),
	(164,'2018-05-01',4,0,5,4),
	(165,'2018-05-01',7,13,10,4),
	(166,'2018-05-02',8,NULL,1,NULL),
	(167,'2018-05-02',6,3,3,4),
	(168,'2018-05-02',2,7,9,4),
	(169,'2018-05-02',4,12,5,6),
	(170,'2018-05-02',7,8,10,13),
	(171,'2018-05-03',8,3,1,2),
	(172,'2018-05-03',6,3,3,7),
	(173,'2018-05-03',2,4,9,8),
	(174,'2018-05-03',4,4,5,5),
	(175,'2018-05-03',7,13,10,9),
	(176,'2018-05-04',1,11,6,8),
	(177,'2018-05-04',5,4,2,5),
	(178,'2018-05-04',3,9,9,6),
	(179,'2018-05-04',10,6,4,5),
	(180,'2018-05-04',7,11,8,1),
	(181,'2018-05-05',1,3,6,0),
	(182,'2018-05-05',5,8,2,1),
	(183,'2018-05-05',3,3,9,8),
	(184,'2018-05-05',10,4,4,12),
	(185,'2018-05-05',7,10,8,1),
	(186,'2018-05-06',1,13,6,5),
	(187,'2018-05-06',5,NULL,2,NULL),
	(188,'2018-05-06',3,NULL,9,NULL),
	(189,'2018-05-06',10,3,4,11),
	(190,'2018-05-06',7,NULL,8,NULL),
	(191,'2018-05-08',3,10,7,9),
	(192,'2018-05-08',5,4,6,2),
	(193,'2018-05-08',1,0,4,10),
	(194,'2018-05-08',2,0,10,9),
	(195,'2018-05-08',9,9,8,4),
	(196,'2018-05-09',3,4,7,1),
	(197,'2018-05-09',5,2,6,3),
	(198,'2018-05-09',1,13,4,7),
	(199,'2018-05-09',2,6,10,5),
	(200,'2018-05-09',9,5,8,4),
	(201,'2018-05-10',3,3,7,1),
	(202,'2018-05-10',5,7,6,2),
	(203,'2018-05-10',1,5,4,6),
	(204,'2018-05-10',2,6,10,2),
	(205,'2018-05-10',9,4,8,5),
	(206,'2018-05-11',7,10,1,5),
	(207,'2018-05-11',6,14,2,9),
	(208,'2018-05-11',10,4,3,2),
	(209,'2018-05-11',4,3,9,8),
	(210,'2018-05-11',8,2,5,6),
	(211,'2018-05-12',7,NULL,1,NULL),
	(212,'2018-05-12',6,NULL,2,NULL),
	(213,'2018-05-12',10,NULL,3,NULL),
	(214,'2018-05-12',4,NULL,9,NULL),
	(215,'2018-05-12',8,NULL,5,NULL),
	(216,'2018-05-13',7,2,1,1),
	(217,'2018-05-13',6,0,2,10),
	(218,'2018-05-13',10,0,3,4),
	(219,'2018-05-13',4,8,9,7),
	(220,'2018-05-13',8,1,5,3),
	(221,'2018-05-15',4,2,7,1),
	(222,'2018-05-15',2,4,1,6),
	(223,'2018-05-15',8,3,3,0),
	(224,'2018-05-15',5,5,10,3),
	(225,'2018-05-15',6,2,9,4),
	(226,'2018-05-16',4,7,7,8),
	(227,'2018-05-16',2,3,1,5),
	(228,'2018-05-16',8,4,3,5),
	(229,'2018-05-16',5,NULL,10,NULL),
	(230,'2018-05-16',6,8,9,7),
	(231,'2018-05-17',4,2,7,8),
	(232,'2018-05-17',2,NULL,1,NULL),
	(233,'2018-05-17',8,3,3,5),
	(234,'2018-05-17',5,7,10,0),
	(235,'2018-05-17',6,8,9,5),
	(236,'2018-05-18',9,5,7,0),
	(237,'2018-05-18',3,4,6,3),
	(238,'2018-05-18',2,1,4,5),
	(239,'2018-05-18',1,7,5,1),
	(240,'2018-05-18',10,6,8,1),
	(241,'2018-05-19',9,3,7,6),
	(242,'2018-05-19',3,2,6,1),
	(243,'2018-05-19',2,1,4,2),
	(244,'2018-05-19',1,2,5,15),
	(245,'2018-05-19',10,2,8,3),
	(246,'2018-05-20',9,4,7,3),
	(247,'2018-05-20',3,2,6,6),
	(248,'2018-05-20',2,3,4,8),
	(249,'2018-05-20',1,7,5,6),
	(250,'2018-05-20',10,3,8,18),
	(251,'2018-05-22',10,0,6,0),
	(252,'2018-05-22',7,0,2,0),
	(253,'2018-05-22',1,0,3,0),
	(254,'2018-05-22',5,0,9,0),
	(255,'2018-05-22',8,0,4,0),
	(256,'2018-05-23',10,NULL,6,NULL),
	(257,'2018-05-23',7,NULL,2,NULL),
	(258,'2018-05-23',1,NULL,3,NULL),
	(259,'2018-05-23',5,NULL,9,NULL),
	(260,'2018-05-23',8,NULL,4,NULL),
	(261,'2018-05-24',10,NULL,6,NULL),
	(262,'2018-05-24',7,NULL,2,NULL),
	(263,'2018-05-24',1,NULL,3,NULL),
	(264,'2018-05-24',5,NULL,9,NULL),
	(265,'2018-05-24',8,NULL,4,NULL),
	(266,'2018-05-25',5,NULL,7,NULL),
	(267,'2018-05-25',9,NULL,1,NULL),
	(268,'2018-05-25',3,NULL,2,NULL),
	(269,'2018-05-25',4,NULL,10,NULL),
	(270,'2018-05-25',6,NULL,8,NULL),
	(271,'2018-05-26',5,NULL,7,NULL),
	(272,'2018-05-26',9,NULL,1,NULL),
	(273,'2018-05-26',3,NULL,2,NULL),
	(274,'2018-05-26',4,NULL,10,NULL),
	(275,'2018-05-26',6,NULL,8,NULL),
	(276,'2018-05-27',5,NULL,7,NULL),
	(277,'2018-05-27',9,NULL,1,NULL),
	(278,'2018-05-27',3,NULL,2,NULL),
	(279,'2018-05-27',4,NULL,10,NULL),
	(280,'2018-05-27',6,NULL,8,NULL),
	(281,'2018-05-29',2,NULL,1,NULL),
	(282,'2018-05-29',10,NULL,3,NULL),
	(283,'2018-05-29',8,NULL,9,NULL),
	(284,'2018-05-29',7,NULL,4,NULL),
	(285,'2018-05-29',6,NULL,5,NULL),
	(286,'2018-05-30',2,NULL,1,NULL),
	(287,'2018-05-30',10,NULL,3,NULL),
	(288,'2018-05-30',8,NULL,9,NULL),
	(289,'2018-05-30',7,NULL,4,NULL),
	(290,'2018-05-30',6,NULL,5,NULL),
	(291,'2018-05-31',2,NULL,1,NULL),
	(292,'2018-05-31',10,NULL,3,NULL),
	(293,'2018-05-31',8,NULL,9,NULL),
	(294,'2018-05-31',7,NULL,4,NULL),
	(295,'2018-05-31',6,NULL,5,NULL),
	(296,'2018-06-01',7,NULL,6,NULL),
	(297,'2018-06-01',8,NULL,2,NULL),
	(298,'2018-06-01',1,NULL,4,NULL),
	(299,'2018-06-01',3,NULL,5,NULL),
	(300,'2018-06-01',9,NULL,10,NULL),
	(301,'2018-06-02',7,NULL,6,NULL),
	(302,'2018-06-02',8,NULL,2,NULL),
	(303,'2018-06-02',1,NULL,4,NULL),
	(304,'2018-06-02',3,NULL,5,NULL),
	(305,'2018-06-02',9,NULL,10,NULL),
	(306,'2018-06-03',7,NULL,6,NULL),
	(307,'2018-06-03',8,NULL,2,NULL),
	(308,'2018-06-03',1,NULL,4,NULL),
	(309,'2018-06-03',3,NULL,5,NULL),
	(310,'2018-06-03',9,NULL,10,NULL),
	(311,'2018-06-05',1,NULL,7,NULL),
	(312,'2018-06-05',3,NULL,6,NULL),
	(313,'2018-06-05',9,NULL,2,NULL),
	(314,'2018-06-05',5,NULL,10,NULL),
	(315,'2018-06-05',4,NULL,8,NULL),
	(316,'2018-06-06',1,NULL,7,NULL),
	(317,'2018-06-06',3,NULL,6,NULL),
	(318,'2018-06-06',4,NULL,8,NULL),
	(319,'2018-06-06',9,NULL,2,NULL),
	(320,'2018-06-06',5,NULL,10,NULL),
	(321,'2018-06-07',1,NULL,7,NULL),
	(322,'2018-06-07',3,NULL,6,NULL),
	(323,'2018-06-07',9,NULL,2,NULL),
	(324,'2018-06-07',5,NULL,10,NULL),
	(325,'2018-06-07',4,NULL,8,NULL),
	(326,'2018-06-08',10,NULL,1,NULL),
	(327,'2018-06-08',2,NULL,3,NULL),
	(328,'2018-06-08',6,NULL,9,NULL),
	(329,'2018-06-08',4,NULL,5,NULL),
	(330,'2018-06-08',7,NULL,8,NULL),
	(331,'2018-06-09',10,NULL,1,NULL),
	(332,'2018-06-09',2,NULL,3,NULL),
	(333,'2018-06-09',6,NULL,9,NULL),
	(334,'2018-06-09',4,NULL,5,NULL),
	(335,'2018-06-09',7,NULL,8,NULL),
	(336,'2018-06-10',10,NULL,1,NULL),
	(337,'2018-06-10',2,NULL,3,NULL),
	(338,'2018-06-10',6,NULL,9,NULL),
	(339,'2018-06-10',4,NULL,5,NULL),
	(340,'2018-06-10',7,NULL,8,NULL),
	(341,'2018-06-12',3,NULL,7,NULL),
	(342,'2018-06-12',8,NULL,1,NULL),
	(343,'2018-06-12',2,NULL,4,NULL),
	(344,'2018-06-12',9,NULL,5,NULL),
	(345,'2018-06-12',6,NULL,10,NULL),
	(346,'2018-06-13',3,NULL,7,NULL),
	(347,'2018-06-13',8,NULL,1,NULL),
	(348,'2018-06-13',2,NULL,4,NULL),
	(349,'2018-06-13',9,NULL,5,NULL),
	(350,'2018-06-13',6,NULL,10,NULL),
	(351,'2018-06-14',3,NULL,7,NULL),
	(352,'2018-06-14',8,NULL,1,NULL),
	(353,'2018-06-14',2,NULL,4,NULL),
	(354,'2018-06-14',9,NULL,5,NULL),
	(355,'2018-06-14',6,NULL,10,NULL),
	(356,'2018-06-15',9,NULL,7,NULL),
	(357,'2018-06-15',4,NULL,6,NULL),
	(358,'2018-06-15',5,NULL,2,NULL),
	(359,'2018-06-15',1,NULL,3,NULL),
	(360,'2018-06-15',8,NULL,10,NULL),
	(361,'2018-06-16',9,NULL,7,NULL),
	(362,'2018-06-16',4,NULL,6,NULL),
	(363,'2018-06-16',5,NULL,2,NULL),
	(364,'2018-06-16',1,NULL,3,NULL),
	(365,'2018-06-16',8,NULL,10,NULL),
	(366,'2018-06-17',9,NULL,7,NULL),
	(367,'2018-06-17',4,NULL,6,NULL),
	(368,'2018-06-17',5,NULL,2,NULL),
	(369,'2018-06-17',1,NULL,3,NULL),
	(370,'2018-06-17',8,NULL,10,NULL),
	(371,'2018-06-19',7,NULL,1,NULL),
	(372,'2018-06-19',2,NULL,9,NULL),
	(373,'2018-06-19',10,NULL,4,NULL),
	(374,'2018-06-19',6,NULL,3,NULL),
	(375,'2018-06-19',5,NULL,8,NULL),
	(376,'2018-06-20',7,NULL,1,NULL),
	(377,'2018-06-20',2,NULL,9,NULL),
	(378,'2018-06-20',10,NULL,4,NULL),
	(379,'2018-06-20',6,NULL,3,NULL),
	(380,'2018-06-20',5,NULL,8,NULL),
	(381,'2018-06-21',7,NULL,1,NULL),
	(382,'2018-06-21',2,NULL,9,NULL),
	(383,'2018-06-21',10,NULL,4,NULL),
	(384,'2018-06-21',6,NULL,3,NULL),
	(385,'2018-06-21',5,NULL,8,NULL),
	(386,'2018-06-22',4,NULL,7,NULL),
	(387,'2018-06-22',5,NULL,6,NULL),
	(388,'2018-06-22',1,NULL,9,NULL),
	(389,'2018-06-22',3,NULL,10,NULL),
	(390,'2018-06-22',2,NULL,8,NULL),
	(391,'2018-06-23',4,NULL,7,NULL),
	(392,'2018-06-23',5,NULL,6,NULL),
	(393,'2018-06-23',1,NULL,9,NULL),
	(394,'2018-06-23',3,NULL,10,NULL),
	(395,'2018-06-23',2,NULL,8,NULL),
	(396,'2018-06-24',4,NULL,7,NULL),
	(397,'2018-06-24',5,NULL,6,NULL),
	(398,'2018-06-24',1,NULL,9,NULL),
	(399,'2018-06-24',3,NULL,10,NULL),
	(400,'2018-06-24',2,NULL,8,NULL),
	(401,'2018-06-26',8,NULL,6,NULL),
	(402,'2018-06-26',4,NULL,2,NULL),
	(403,'2018-06-26',9,NULL,3,NULL),
	(404,'2018-06-26',7,NULL,5,NULL),
	(405,'2018-06-26',1,NULL,10,NULL),
	(406,'2018-06-27',8,NULL,6,NULL),
	(407,'2018-06-27',4,NULL,2,NULL),
	(408,'2018-06-27',9,NULL,3,NULL),
	(409,'2018-06-27',7,NULL,5,NULL),
	(410,'2018-06-27',1,NULL,10,NULL),
	(411,'2018-06-28',8,NULL,6,NULL),
	(412,'2018-06-28',4,NULL,2,NULL),
	(413,'2018-06-28',9,NULL,3,NULL),
	(414,'2018-06-28',7,NULL,5,NULL),
	(415,'2018-06-28',1,NULL,10,NULL),
	(416,'2018-06-29',4,NULL,1,NULL),
	(417,'2018-06-29',6,NULL,2,NULL),
	(418,'2018-06-29',5,NULL,3,NULL),
	(419,'2018-06-29',7,NULL,9,NULL),
	(420,'2018-06-29',10,NULL,8,NULL),
	(421,'2018-06-30',4,NULL,1,NULL),
	(422,'2018-06-30',6,NULL,2,NULL),
	(423,'2018-06-30',5,NULL,3,NULL),
	(424,'2018-06-30',7,NULL,9,NULL),
	(425,'2018-06-30',10,NULL,8,NULL);

/*!40000 ALTER TABLE `schedules_of_games` ENABLE KEYS */;
UNLOCK TABLES;


# Dump of table staff
# ------------------------------------------------------------

DROP TABLE IF EXISTS `staff`;

CREATE TABLE `staff` (
  `staff_id` int(11) unsigned NOT NULL AUTO_INCREMENT,
  `team_id` int(11) NOT NULL,
  `name` varchar(20) NOT NULL,
  `num` int(11) DEFAULT NULL,
  `year` int(20) NOT NULL,
  `job` varchar(20) NOT NULL,
  PRIMARY KEY (`staff_id`)
) ENGINE=InnoDB DEFAULT CHARSET=utf8;

LOCK TABLES `staff` WRITE;
/*!40000 ALTER TABLE `staff` DISABLE KEYS */;

INSERT INTO `staff` (`staff_id`, `team_id`, `name`, `num`, `year`, `job`)
VALUES
	(1,5,'조원우',74,2011,'감독'),
	(2,5,'김원형',75,1991,'수석 투수코치'),
	(3,5,'이용훈',99,2000,'투수코치'),
	(4,5,'장재중',72,1994,'배터리코치'),
	(5,5,'김승관',95,1995,'타격코치'),
	(6,5,'정보명',80,2003,'타격코치'),
	(7,5,'김민재',78,1991,'내야 수비코치'),
	(8,5,'박정환',86,2000,'외야 수비코치'),
	(9,5,'최만호',82,1997,'작전코치'),
	(10,4,'김기태',77,2015,'감독'),
	(11,4,'정회열',81,1990,'수석코치'),
	(12,4,'코우조',87,2016,'타격코치'),
	(13,4,'홍세완',70,2000,'타격코치'),
	(14,4,'이대진',78,1993,'투수코치'),
	(15,4,'서재응',98,2008,'투수코치'),
	(16,4,'김상훈',92,2000,'배터리코치'),
	(17,4,'김민호',72,2014,'수비코치'),
	(18,4,'김민우',75,2014,'수비코치'),
	(19,4,'김종국',74,1996,'주루코치'),
	(20,4,'박종하',93,1990,'전력코치'),
	(21,4,'배요한',84,2017,'체력코치'),
	(22,4,'정상옥',94,2017,'체력코치'),
	(23,4,'고영득',95,2017,'체력코치'),
	(24,3,'한용덕',40,2005,'감독'),
	(25,3,'장종훈',35,1987,'수석코치'),
	(26,3,'송진우',21,1989,'투수코치'),
	(27,3,'김해님',72,2017,'불펜투수코치'),
	(28,3,'강인권',82,2016,'배터리코치'),
	(29,3,'전형도',71,2012,'작전주루코치'),
	(30,3,'고동진',80,2004,'주루코치'),
	(31,3,'채종국',73,2017,'수비코치'),
	(32,3,'이양기',88,2003,'타격보조코치'),
	(33,3,'배민규',90,2011,'트레이닝코치'),
	(34,3,'후지오 요시후미',0,2017,'트레이닝코치'),
	(35,6,'류중일',75,2017,'감독'),
	(36,6,'유지현',76,2015,'수석/작전코치'),
	(37,6,'한혁수',85,2015,'외야수비/주루코치'),
	(38,6,'강상수',77,2006,'투수코치'),
	(39,6,'경헌호',74,2000,'투수코치'),
	(40,6,'신경식',86,2013,'타격코치'),
	(41,6,'이병규',91,1997,'타격코치'),
	(42,6,'박종호',81,2010,'수비코치'),
	(43,6,'김정민',73,1993,'배터리코치'),
	(44,6,'김현욱',97,2018,'트레이닝코치'),
	(45,6,'곽현희',83,2017,'트레이닝코치'),
	(46,7,'장정석',40,2017,'감독'),
	(47,7,'허문회',72,2012,'수석코치'),
	(48,7,'홍원기',78,2009,'수비코치'),
	(49,7,'송지만',75,2008,'외야/주루코치'),
	(50,7,'브랜든 나이트',71,2017,'투수코치'),
	(51,7,'강병식',77,2008,'타격코치'),
	(52,7,'마정길',80,2017,'불펜코치'),
	(53,7,'조재영',74,2016,'작전/주루코치'),
	(54,7,'박도현',89,2015,'배터리코치'),
	(55,10,'김민호',87,2015,'타격코치'),
	(56,10,'김평호',71,2017,'수석코치'),
	(57,10,'이도형',81,2015,'타격코치'),
	(58,10,'이현곤',85,2015,'수비코치'),
	(59,10,'전준호',72,2013,'작전/주루코치'),
	(60,10,'지연규',76,2013,'투수코치'),
	(61,10,'진종길',75,2014,'주루코치'),
	(62,10,'최기문',73,2014,'배터리코치'),
	(63,10,'최일언',78,2013,'투수코치'),
	(64,2,'트레이 힐만',88,2017,'감독'),
	(65,2,'김성갑',81,2016,'수석코치'),
	(66,2,'최상덕',74,2017,'투수코치'),
	(67,2,'정경배',99,2002,'타자코치'),
	(68,2,'박계원',85,2017,'수비코치'),
	(69,2,'정수성',86,2015,'작전/주루코치'),
	(70,2,'박경완',80,2016,'배터리코치'),
	(71,2,'에이츠',84,2017,'QC코치'),
	(72,2,'손혁',83,2004,'투수코치'),
	(73,2,'박재상',76,2009,'주루코치'),
	(74,8,'김진욱',72,2017,'감독'),
	(75,8,'정명원',74,2014,'투수코치'),
	(76,8,'최훈재',75,2017,'외야/주루코치'),
	(77,8,'가득염',76,2016,'투수코치'),
	(78,8,'강성우',77,2017,'배터리코치'),
	(79,8,'김용국',78,2017,'수석코치'),
	(80,8,'채종범',88,2014,'타격코치'),
	(81,8,'신명철',91,2014,'수비코치'),
	(82,8,'류택현',99,2017,'불펜코치'),
	(83,8,'고영민',90,2017,'수비/주루코치'),
	(84,9,'김한수',86,2017,'감독'),
	(85,9,'김태한',82,2009,'수석코치'),
	(86,9,'오치아이',88,2010,'투수코치'),
	(87,9,'정현욱',91,1996,'불펜코치'),
	(88,9,'진갑용',96,1997,'배터리코치'),
	(89,9,'이영수',76,2018,'타격코치'),
	(90,9,'강봉규',78,2000,'타격코치'),
	(91,9,'박진만',79,2016,'수비코치'),
	(92,9,'김재걸',73,2010,'작전코치'),
	(93,9,'박재현',74,2016,'주루코치'),
	(94,9,'시라사카',71,2016,'트레이닝코치'),
	(95,9,'황두성',99,2012,'트레이닝코치'),
	(96,1,'김태형',88,2014,'감독'),
	(97,1,'이강철',71,2017,'수석코치'),
	(98,1,'강동우',81,2014,'타격코치'),
	(99,1,'고토',89,2018,'타격코치'),
	(100,1,'공필성',70,2015,'작전/주루코치'),
	(101,1,'권명철',82,2011,'투수코치'),
	(102,1,'이용호',85,2017,'투수코치'),
	(103,1,'조성환',77,2018,'수비코치'),
	(104,1,'조인성',75,2018,'배터리코치'),
	(105,1,'김태균',79,2018,'주루코치'),
	(106,1,'유태현',102,2016,'트레이닝코치'),
	(107,1,'박철우',87,2015,'벤치코치');

/*!40000 ALTER TABLE `staff` ENABLE KEYS */;
UNLOCK TABLES;


# Dump of table team
# ------------------------------------------------------------

DROP TABLE IF EXISTS `team`;

CREATE TABLE `team` (
  `team_id` int(11) unsigned NOT NULL AUTO_INCREMENT,
  `team_name` varchar(30) DEFAULT NULL,
  `total_game_count` int(11) DEFAULT NULL,
  `winning_count` int(11) DEFAULT NULL,
  `drawing_count` int(11) DEFAULT NULL,
  `losing_count` int(11) DEFAULT NULL,
  `winning_rate` float DEFAULT NULL,
  `games_behind` float DEFAULT NULL,
  `consecutive_winning_count` int(11) DEFAULT NULL,
  `ballpark` int(11) DEFAULT NULL,
  `img` varchar(30) DEFAULT NULL,
  `youtube` varchar(100) DEFAULT NULL,
  PRIMARY KEY (`team_id`)
) ENGINE=InnoDB DEFAULT CHARSET=utf8;

LOCK TABLES `team` WRITE;
/*!40000 ALTER TABLE `team` DISABLE KEYS */;

INSERT INTO `team` (`team_id`, `team_name`, `total_game_count`, `winning_count`, `drawing_count`, `losing_count`, `winning_rate`, `games_behind`, `consecutive_winning_count`, `ballpark`, `img`, `youtube`)
VALUES
	(1,'Doosan',45,30,0,15,0.667,0,1,1,'doosan.jpeg','https://www.youtube.com/embed/1BasX-7nq10?list=PLLn9i-6q6paFQ_zmQGaNudOWRQ5aDi6LE'),
	(2,'SK',45,26,0,19,0.578,4,-5,3,'sk.jpeg','https://www.youtube.com/embed/LALmUMWy8_g'),
	(3,'Hanwha',45,26,0,19,0.578,4,-1,5,'hanwha.jpeg','https://www.youtube.com/embed/SilNAsDx2xA'),
	(4,'KIA',45,23,0,22,0.511,7,3,8,'kia.jpeg','https://www.youtube.com/embed/A4XfFKdLqGI'),
	(5,'Lotte',44,22,0,22,0.5,7.5,-1,4,'lotte.jpeg','https://www.youtube.com/embed/4ov0s3XYGE8'),
	(6,'LG',48,23,0,25,0.479,8.5,1,1,'lg.jpeg','https://www.youtube.com/embed/cPdz9dsEIjU'),
	(7,'Nexen',48,23,0,25,0.479,8.5,-1,6,'nexen.jpeg','https://www.youtube.com/embed/k1MvE6kTvpo'),
	(8,'KT',46,20,0,26,0.435,10.5,2,9,'kt.jpeg','https://www.youtube.com/embed/x2ojPsFuO-8'),
	(9,'Samsung',47,19,0,28,0.404,12,1,2,'samsung.jpeg','https://www.youtube.com/embed/-BewNn6zLrY'),
	(10,'NC',47,18,0,29,0.383,13,-2,7,'nc.jpeg','https://www.youtube.com/embed/w6de00VuDNg');

/*!40000 ALTER TABLE `team` ENABLE KEYS */;
UNLOCK TABLES;



--
-- Dumping routines (PROCEDURE) for database 'BucketList'
--
DELIMITER ;;

# Dump of PROCEDURE sp_getBallpark
# ------------------------------------------------------------

/*!50003 DROP PROCEDURE IF EXISTS `sp_getBallpark` */;;
/*!50003 SET SESSION SQL_MODE="ONLY_FULL_GROUP_BY,STRICT_TRANS_TABLES,NO_ZERO_IN_DATE,NO_ZERO_DATE,ERROR_FOR_DIVISION_BY_ZERO,NO_AUTO_CREATE_USER,NO_ENGINE_SUBSTITUTION"*/;;
/*!50003 CREATE*/ /*!50020 DEFINER=`root`@`localhost`*/ /*!50003 PROCEDURE `sp_getBallpark`(
	IN p_team_id INT(11)
)
BEGIN
	select b.name, b.location, b.left, b.middle, b.right, b.fence, b.affordance, b.img from team left join ballpark as b on team.ballpark = b.ballpark_id where team_id = p_team_id;
END */;;

/*!50003 SET SESSION SQL_MODE=@OLD_SQL_MODE */;;
# Dump of PROCEDURE sp_getBatter
# ------------------------------------------------------------

/*!50003 DROP PROCEDURE IF EXISTS `sp_getBatter` */;;
/*!50003 SET SESSION SQL_MODE="ONLY_FULL_GROUP_BY,STRICT_TRANS_TABLES,NO_ZERO_IN_DATE,NO_ZERO_DATE,ERROR_FOR_DIVISION_BY_ZERO,NO_AUTO_CREATE_USER,NO_ENGINE_SUBSTITUTION"*/;;
/*!50003 CREATE*/ /*!50020 DEFINER=`root`@`localhost`*/ /*!50003 PROCEDURE `sp_getBatter`(
	IN p_team_id INT(11)
)
BEGIN
    select * from batter where team_id = p_team_id;
END */;;

/*!50003 SET SESSION SQL_MODE=@OLD_SQL_MODE */;;
# Dump of PROCEDURE sp_getBattingAVG
# ------------------------------------------------------------

/*!50003 DROP PROCEDURE IF EXISTS `sp_getBattingAVG` */;;
/*!50003 SET SESSION SQL_MODE="ONLY_FULL_GROUP_BY,STRICT_TRANS_TABLES,NO_ZERO_IN_DATE,NO_ZERO_DATE,ERROR_FOR_DIVISION_BY_ZERO,NO_AUTO_CREATE_USER,NO_ENGINE_SUBSTITUTION"*/;;
/*!50003 CREATE*/ /*!50020 DEFINER=`root`@`localhost`*/ /*!50003 PROCEDURE `sp_getBattingAVG`(
	IN p_team_id INT(11)
)
BEGIN
    select TRUNCATE(AVG(avg), 3) from batter where team_id = p_team_id;
END */;;

/*!50003 SET SESSION SQL_MODE=@OLD_SQL_MODE */;;
# Dump of PROCEDURE sp_getPitcher
# ------------------------------------------------------------

/*!50003 DROP PROCEDURE IF EXISTS `sp_getPitcher` */;;
/*!50003 SET SESSION SQL_MODE="ONLY_FULL_GROUP_BY,STRICT_TRANS_TABLES,NO_ZERO_IN_DATE,NO_ZERO_DATE,ERROR_FOR_DIVISION_BY_ZERO,NO_AUTO_CREATE_USER,NO_ENGINE_SUBSTITUTION"*/;;
/*!50003 CREATE*/ /*!50020 DEFINER=`root`@`localhost`*/ /*!50003 PROCEDURE `sp_getPitcher`(
	IN p_team_id INT(11)
)
BEGIN
    select * from pitcher where team_id = p_team_id;
END */;;

/*!50003 SET SESSION SQL_MODE=@OLD_SQL_MODE */;;
# Dump of PROCEDURE sp_getSchedules
# ------------------------------------------------------------

/*!50003 DROP PROCEDURE IF EXISTS `sp_getSchedules` */;;
/*!50003 SET SESSION SQL_MODE="ONLY_FULL_GROUP_BY,STRICT_TRANS_TABLES,NO_ZERO_IN_DATE,NO_ZERO_DATE,ERROR_FOR_DIVISION_BY_ZERO,NO_AUTO_CREATE_USER,NO_ENGINE_SUBSTITUTION"*/;;
/*!50003 CREATE*/ /*!50020 DEFINER=`root`@`localhost`*/ /*!50003 PROCEDURE `sp_getSchedules`(
	IN p_team_id INT(11),
	IN p_date DATE
)
BEGIN
	select table1.schedule_id, table1.date, table1.team_name, table1.home_team_score, team.team_name, table1.away_team_score from (select s.schedule_id, s.date, t.team_name, s.home_team_score, s.away_team_score, s.away_team_id as p from (select * from schedules_of_games where ((home_team_id = p_team_id) or (away_team_id = p_team_id)) and date >= p_date) s left join team as t on s.home_team_id = t.team_id) as table1 left join team on table1.p = team.team_id LIMIT 5;
END */;;

/*!50003 SET SESSION SQL_MODE=@OLD_SQL_MODE */;;
# Dump of PROCEDURE sp_getStaff
# ------------------------------------------------------------

/*!50003 DROP PROCEDURE IF EXISTS `sp_getStaff` */;;
/*!50003 SET SESSION SQL_MODE="ONLY_FULL_GROUP_BY,STRICT_TRANS_TABLES,NO_ZERO_IN_DATE,NO_ZERO_DATE,ERROR_FOR_DIVISION_BY_ZERO,NO_AUTO_CREATE_USER,NO_ENGINE_SUBSTITUTION"*/;;
/*!50003 CREATE*/ /*!50020 DEFINER=`root`@`localhost`*/ /*!50003 PROCEDURE `sp_getStaff`(
	IN p_team_id INT(11)
)
BEGIN
    select * from staff where team_id = p_team_id;
END */;;

/*!50003 SET SESSION SQL_MODE=@OLD_SQL_MODE */;;
# Dump of PROCEDURE sp_getTeam
# ------------------------------------------------------------

/*!50003 DROP PROCEDURE IF EXISTS `sp_getTeam` */;;
/*!50003 SET SESSION SQL_MODE="ONLY_FULL_GROUP_BY,STRICT_TRANS_TABLES,NO_ZERO_IN_DATE,NO_ZERO_DATE,ERROR_FOR_DIVISION_BY_ZERO,NO_AUTO_CREATE_USER,NO_ENGINE_SUBSTITUTION"*/;;
/*!50003 CREATE*/ /*!50020 DEFINER=`root`@`localhost`*/ /*!50003 PROCEDURE `sp_getTeam`(
	IN p_team_id INT(11)
)
BEGIN
    select * from team where team_id = p_team_id;
END */;;

/*!50003 SET SESSION SQL_MODE=@OLD_SQL_MODE */;;
# Dump of PROCEDURE sp_getTopBrank
# ------------------------------------------------------------

/*!50003 DROP PROCEDURE IF EXISTS `sp_getTopBrank` */;;
/*!50003 SET SESSION SQL_MODE="ONLY_FULL_GROUP_BY,STRICT_TRANS_TABLES,NO_ZERO_IN_DATE,NO_ZERO_DATE,ERROR_FOR_DIVISION_BY_ZERO,NO_AUTO_CREATE_USER,NO_ENGINE_SUBSTITUTION"*/;;
/*!50003 CREATE*/ /*!50020 DEFINER=`root`@`localhost`*/ /*!50003 PROCEDURE `sp_getTopBrank`()
BEGIN
select team_name, name, avg from (select * from batter) as table1 left join team on table1.team_id = team.team_id where table1.pa * 3.1 >= team.total_game_count order by avg DESC LIMIT 15;
END */;;

/*!50003 SET SESSION SQL_MODE=@OLD_SQL_MODE */;;
# Dump of PROCEDURE sp_getTopPrank
# ------------------------------------------------------------

/*!50003 DROP PROCEDURE IF EXISTS `sp_getTopPrank` */;;
/*!50003 SET SESSION SQL_MODE="ONLY_FULL_GROUP_BY,STRICT_TRANS_TABLES,NO_ZERO_IN_DATE,NO_ZERO_DATE,ERROR_FOR_DIVISION_BY_ZERO,NO_AUTO_CREATE_USER,NO_ENGINE_SUBSTITUTION"*/;;
/*!50003 CREATE*/ /*!50020 DEFINER=`root`@`localhost`*/ /*!50003 PROCEDURE `sp_getTopPrank`()
BEGIN
select team_name, name, w from (select * from pitcher) as table1 left join team on table1.team_id = team.team_id  order by w DESC LIMIT 15;
END */;;

/*!50003 SET SESSION SQL_MODE=@OLD_SQL_MODE */;;
# Dump of PROCEDURE sp_getTSchedules
# ------------------------------------------------------------

/*!50003 DROP PROCEDURE IF EXISTS `sp_getTSchedules` */;;
/*!50003 SET SESSION SQL_MODE="ONLY_FULL_GROUP_BY,STRICT_TRANS_TABLES,NO_ZERO_IN_DATE,NO_ZERO_DATE,ERROR_FOR_DIVISION_BY_ZERO,NO_AUTO_CREATE_USER,NO_ENGINE_SUBSTITUTION"*/;;
/*!50003 CREATE*/ /*!50020 DEFINER=`root`@`localhost`*/ /*!50003 PROCEDURE `sp_getTSchedules`()
BEGIN
select table1.schedule_id, table1.date, table1.team_name, table1.home_team_score, team.team_name, table1.away_team_score from (select s.schedule_id, s.date, t.team_name, s.home_team_score, s.away_team_score, s.away_team_id as p from schedules_of_games s left join team as t on s.home_team_id = t.team_id where s.date = CURDATE()) as table1 left join team on table1.p = team.team_id;
END */;;

/*!50003 SET SESSION SQL_MODE=@OLD_SQL_MODE */;;
DELIMITER ;

/*!40111 SET SQL_NOTES=@OLD_SQL_NOTES */;
/*!40101 SET SQL_MODE=@OLD_SQL_MODE */;
/*!40014 SET FOREIGN_KEY_CHECKS=@OLD_FOREIGN_KEY_CHECKS */;
/*!40101 SET CHARACTER_SET_CLIENT=@OLD_CHARACTER_SET_CLIENT */;
/*!40101 SET CHARACTER_SET_RESULTS=@OLD_CHARACTER_SET_RESULTS */;
/*!40101 SET COLLATION_CONNECTION=@OLD_COLLATION_CONNECTION */;
